Score,RawMatch,PercMatch,Gaps,i_start,i_end,j_start,j_end,i_seq,j_seq,structure,dG(kcal/mol),percent_unpaired
229,95/97,97,4,1179710,1179807,1179598,1179697,tttcacttttagctcg-g--gcatttagctgcgatgtcatcagtaaatttcttaatgacatcaaaagcgatgctctataaaacgcgcagtttatacaacac,gtgttgtataaactgcgcgttttatagagcatcgcttttgatgtcattaagaaatttactgatgacatc-cagctaaatgctgcgcgaactaaaagtaaaa,(((((((((((((((((((((((((((((((((((((((((((((((((((((((((((((((((((((.(((((((((((((((.((((((((.&.)))))))).)))...))))))))))))))))))))))))))))))))))))))))))))))))))))))))))))))))))))))))))))))))),-146.8,95.83
69,31/37,83,0,1171271,1171307,1171178,1171214,aagtgcccgaggactgtaaagagtaacgtaaaaagcg,cgctttttaagttactccttccggtcttggggcactt,(((((((((.(((((((.((.(((((((.(((((((.&.))))))).))))))).)).))))))).))))))))),-45.4,86.49
59,25/29,86,0,1170131,1170159,1170093,1170121,accggctcaaaaacgataaagatccggtg,cactggatctttatagcttttaagccggt,((((((((((((((.(.((((.(((((((&))))))).)))).).)))))))))))))),-34.4,89.66
54,18/18,100,0,1169198,1169215,1169155,1169172,ttgcccttaagggcaaaa,ttttgcccttaagggcaa,((((((((((((((((((&)))))))))))))))))),-28.6,100
127,69/77,89,4,1164136,1164216,1164058,1164134,aaaacaatgaataaaactattatattacaatttaactgaaattgttttgcgtcaaagtttttttttttggctgcttttact,agtaaaagcaacc--aaaaaagaacttttacacaaaa-aatttcagttaatttgaaatataatagtttt-ttgaatgtttt,((((((((((.(((((((((..((((((.((.(((((.((((((((((((.(((.((((((((((((((.((.(.(((((.&.))))).).)))))))))))))))).))).))))))))))))))))).)).))))))))))))))).)))))))))),-62.3,87.34
198,78/87,89,0,1162199,1162285,1162061,1162147,aaatgtaaacatttcatcgaaaatttggtttttaaacgtaaataaaactgaaaaagagattttaagttcgtttttatgtggcttttg,caaaaatcacataaaaacgaactttaaagttccttttcagttttaattacgtttaaaaaccaaattttcgatgaaatgttcgcattt,(((((.((((((((((((((((((.(((.(((.((((((((((((.((((((((((((((((((((((((((((((((((.(((((.&.))))).)))))))))))))))))))))))))))))))))).)))))))))))).))).))).)))))))))))))))))).))))),-97.1,91.95
160,68/79,86,0,1151645,1151723,1151558,1151636,aaaagcgtgtttttcaacttaaaacttttggagttttgaaaaagtcgccagagcaatacttttagtctatcgaagtcgt,acgattttcatggactaaaagtattgctctggcgactttttcaaaacttcaaaggttttaagtgggaaaaaccactttt,((((((((.((((((((((((((((((((((((((((((((((((((((((((((((((((((.(((((((.(.((((.&.)))).))))))))..)))))))))))))))))))))))))))))))))))))))))))))))))))))).)))))))),-103.1,93.67
109,43/48,89,0,1146760,1146807,1146696,1146743,agtgcctaaagaccgaagggagtatttaattataccttctcaaaaacg,cggttttgagatggtaaagttgaatactcccttcggtctttaggcact,((.((((((((.((((.(((((((((((((((((((((((((((((((&))))))))))))))))))))))))))))))).)))).)))))))).)),-70.6,93.75
288,96/96,100,0,1144212,1144307,1144065,1144160,aattgaaacaggactttggaggtaattttttctgttctcacaagtttctcttttccacatcccattaaagctcgaataaagagtatttatcaacta,tagttgataaatactctttattcgagctttaatgggatgtggaaaagagaaacttgtgagaacagaaaaaattacctccaaagtcctgtttcaatt,(((((((((((((((((((((((((((((((((((((((((((((((((((((((((((((((((((((((((((((((((((((((((((((((.&.))))))))))))))))))))))))))))))))))))))))))))))))))))))))))))))))))))))))))))))))))))))))))))))),-163,98.96
52,24/26,92,1,1137728,1137754,1137645,1137670,ttttttttgttaaaggattataaaaaa,ttttttataat-ttttaaaaaaaaaaa,(((((((((((.((((((.((((((((&)))))))).))))))))))))))))),-11.4,94.34
54,30/36,83,1,1137131,1137167,1137059,1137094,taaacttgtttaaaaaattttttgaactaaaaaaaaa,tttttttttatataaaaatatttaataaa-aagttta,((((((((((....((((.((((..((((.(((((((&)))))))))))..)))).))))....)))))))))),-10.1,79.45
58,22/24,91,0,1136284,1136307,1136227,1136250,tttttttttaaaccgcccttaagt,acgtaagggcggtttaaaaaagaa,.(((((((((((((((((((((&))))))))))))))))))))).,-28.4,95.45
66,26/29,89,0,1130663,1130691,1130628,1130656,aaagggcctaaagttgatgggcccaaaaa,tttttgagcccatcaactttaggtgcttt,((((((.(((((((((((((((((.(((.&.))).))))))))))))))))).)))))),-38.3,89.66
59,29/36,80,0,1129708,1129743,1129573,1129608,tctagttcggctttactctgtgagactgtggtgcac,gtgcaccacggtccgacagggtagtgccaaactaga,(((((((((((((..(((((((((.(((.(((((((&))))))).))).)))))))))..))))))))))))),-51.7,88.89
78,34/40,85,0,1118656,1118695,1118559,1118598,atagagtaggttggttaaaaaactattttttgctaattga,tcaactaacaaaaaatagctttttaaacaaccagctctat,((((.((.((((((((((.(((((((.(((((.(((((((&))))))).))))).))))))).)))))))))).)).)))),-30.1,87.5
110,42/43,97,1,1114735,1114777,1114589,1114632,tttttaggag-ccgtaccatttaaattgtgagattgtgatgact,agtcatcacaatctcacaatttaaatggtacggacgcctaaaaa,(((((((((((((((((((((((((((((((((..((((((((&))))))))...))))))))))))))))))))))))))))))))),-64.6,94.25
50,18/19,94,0,1094683,1094701,1094569,1094587,ttttgttaagtttaaaagt,acttttaaacttaaaaaaa,((((((((((((((.&.)))))))))))))),-13.5,93.33
61,43/60,71,0,1093744,1093803,1093638,1093697,ggccgttaaacggctaaacggcctttaaaagtcaaggccgttcaacggctaaacggtctt,aaggccgattaacggctgaacggcctttaaaagttaatgccgttcaacagctaaacggcc,.((((((.(((.(.(.(((((((((((.....((((..((((((.((((....(((((((&))))))).))))....)))))).))))......))))))))))).).).))).)))))).,-53.2,71.67
50,26/33,78,0,1084755,1084787,1084690,1084722,aaaaaatttttaataagtttttagttgtttttt,aaaaaacaactttaaaccttctaaaagattttt,.((((((((((..((((((...((((((((((.&))))))))))...))).)))..)))))))))).,-18,78.79
53,19/20,95,0,1072288,1072307,1072205,1072224,aacggcgtaaaaaacatcta,tagatgttttttacgccctt,(((((((((((((((((.&.))))))))))))))))),-24.1,94.44
71,25/26,96,0,1065161,1065186,1065060,1065085,ttaagggcgtaaaaaacatctagttt,aaactagatgttttttacgccctcaa,.((((((((((((((((((((((.&.)))))))))))))))))))))).,-36,91.67
50,22/23,95,1,1060257,1060279,1060201,1060224,aattt-tacactttttaagttaaa,tttaacttaaaaactgtagaaatt,(((((((((((((.(((((((.&.))))))).))))))))))))),-16.1,90.91
79,29/31,93,0,1059777,1059807,1059738,1059768,ttttgaggcgggtaaaggctgagtttttaac,gttaaaaactcagcctttacccgccccgaaa,(((((((((((((((((((((((((.(((((&))))).))))))))))))))))))))))))),-47.7,96.77
50,46/65,70,1,1057225,1057290,1057152,1057216,atttaattaaaataaaattaaattttttttttaaagtctaaaaaaggtttttttattatgatttaa,ttaaattaaaataacaaaa-ttaaatttttttttaaagtggaaatttaattttaaattaaaaaaat,((((((((.(((((.((((((.(((((...((((((((.(((((((((((((((....(((((((.&.)))))))))))))))))))))).)))))))))))))...)))))).))))).)))))))),-23.5,85.04
172,104/109,95,10,1056697,1056807,1056561,1056677,attgaaattataagataaa--aaattttttagctcgggagcatttagctgtgtgtgttcgcgatgtcatcagtaaatttc----t--catcaaaagcgatgctctataaaacgcgcagt,actgcgcgttttatagagcatcgcttttgatgacattgggaaatttactgatgacatcgcg-a-acacacagctaaatgctctcgagctaaaaactttagtaaatcttataattttaat,((((((((((((((((((((((((((((((((((((((((((((((((((((((((..((((((((((((((((((((((((((((((.(((...((((((((((((((((&)))))))))))))))).....))).)))))))))))))))))))))))))))))))))))))))))))))))))))))......))))))))))))))))))))))))))))))))),-157.8,92.11
55,21/23,91,0,1047243,1047265,1047143,1047165,aaaaaaaggttttttttttttac,gtaaaaataaaaaactttttttt,(((((((.((((((((((((((.&.)))))))))))))).))))))),-15.6,91.3
200,76/83,91,0,1045697,1045779,1045558,1045640,aaatgcggacattcgcacgaaaaattagcttttaaacgtaaataaaactgaaaaagagattttaagttcgtttttatgtggct,agccacataaaaacgagattaaaatttctttttcacttttatttacgtttaaaagctaactttttgtgctaatgtccgcattt,(((((((((((((((((.(((((((((((((((((.(((((((((((((((((((((((.(((((((((.((((((((((((.&.)))))))))))).))))))))).))))))))))))))))))))))).))))))))))))))))).))))))))))))))))),-103.8,93.98
94,34/36,94,0,1044616,1044651,1044562,1044597,taaaatgtcaaaatgagtaaaagtcactaaaaatta,taacttttagtgacttttacccattttgacatttta,.((((((((((((((((.(((((((((((((((&))))))))))))))).)))))))))))))))).,-38.2,93.94
71,25/26,96,0,1042780,1042805,1042703,1042728,agcctcgtagcaacaaagcaaaaagt,acttttggctttgttgctacgaggct,(((((..(((((((((((((((((((&)))))))))))))))))))..))))),-39.2,92.31
59,41/51,80,2,1037232,1037282,1037058,1037110,ttttagcgtgaaaagtcttttttttcgaac--aaaaatccggttttaaggcta,tagccctaaaacagaatttttgagttaaataaacaggacttttaacgttaaaa,(((((.((((((.(.(((((((......(((.(((((((((.(((((((((&))))))))).))))))))).)))........))))))).).)))))).))))),-32.1,76.92
137,75/94,79,1,1036198,1036291,1036058,1036152,ttaaaattcgtgtttttagctaaggcagactttttaacggtaaaacctacttttttaagctttttaggaaa-tttttagctctaaaacagaattt,aaatccggttttagggctaaaaatttttctaaaaaactaaaaaaagtcttttttagcgtttaaaggtccgttttagtcaaaaaagcgaattttaa,.(((((((((((((((((((((((((((.((.((((((((...(((((.((((.(((((((.((((((((.(((((.(((((((((((&))))))))))).))))).)))))))).))))))).)))).)))))...)))))))).)).))))))))))).)))))))))))))))).,-73.7,87.01
51,33/45,73,0,1028712,1028756,1028660,1028704,aaaaagcctgttaaaacttgaaaatgatttttttaacttataaaa,ttttaaaacttaaaaatgacttttttaacttataaaagtctcttt,(((((.((.(((((((.....(((((((.((.(((.((.((.&.)).)).))).)).))))))).....))))))).)).))))),-6.8,71.43
115,45/50,90,0,1025758,1025807,1025700,1025749,aaaagcgtgttttgcaacttaaaacttttagagttttgaagaagtcgcca,tggcgactttttcaaaactctaaaagttttaagttgaaaaaaccactttt,((((((((((((((((((((((((((((((((((((.(((((.(.((((.&.)))).))))))..)))))))))))))))))))))))))))))))))))),-61.1,92
56,20/21,95,0,1025165,1025185,1025133,1025153,cgtagtgtaaactgcgcgttt,aaacgcgcagtttatactacg,.((((((((((((((((((((&)))))))))))))))))))).,-34.1,95.24
50,22/23,95,1,998666,998689,998575,998597,agggcgtgaaaaaacatctagttt,aatctagatgtttttt-acgccct,.(((((((.(((((((((((((&)))))))))))))))))))).,-28.9,93.02
53,46/62,74,2,979196,979258,979131,979193,tcgtatatggatccgaat-cggaatccgaatcagaatccgaatccgtatacaaatccgaatacg,cgaattcgaatctgaat-ctgaatctgaatccgaatccgaatccgaatccgaatccaaatccga,.((.(((((((.(((((.((.((.(((((..((.(((((.((.(((&.))).)).))))).))...))))).)).)).))))).)).....))))).)),-33.2,71.43
247,85/87,97,0,967161,967247,967058,967144,taaagcatttagctgtgtttagcagagaaggcgcgcggggcggggtaacccagggcctacagacagtgagagattgatagatgtgag,ctcacatctatcaatctctcactgactgtaggccctgggttaccccgccccgcgcgccttctctgctaagcacagctaaatgcttta,((((((((((((((((((((((((.((((((((((((((((((((((((((((((((((((((((((((((((((((((((((((((&)))))))))))))))))))))))))))))))))))))))))))))))))))))))))))))).)))))))))))))))))))))))),-178.2,98.85
88,64/90,71,0,962218,962307,962123,962212,ttaacggctaacggcctttaaaacttttggccgttaacggctttaacgggtaacggcctttaaagcttttggccgttaacggctttaacg,cgttaacggctttaacggctaacggcctttaaagcttttggccgttaacggctttaacggcgaacggcctttaaagcttttggccgttaa,((((((((((.(((((((((((.(((((((((.(((.(((.(((((((((((.((((((((.((.((.((((((.(((.(((((((((((&))))))))))).)))))))))..)).)).)))))))))))).))))))).))).)))))))))).)).))))))))))))))).)))))),-80,87.78
54,42/60,70,0,958246,958305,958116,958175,acggctcgagccgtaaaaagttttttcatctaaacgacttaaacggctcgagccttataa,ttaaagggctcgaaccgtataaagttttttcatctaaacgacttgaacggctcgagccgt,.(((((((((.((((..(((((.(((..((..((((((((...((((((((((((((&))))))))))))))..))))).)))..))..))))))))...)))).))))))))).,-57.5,78.95
79,41/49,83,1,955203,955252,955129,955177,aatcctggattaatcttgagtgatcctgatatatatatatatatatatat,atatatatatatatatatat-tcatgatcaatcctgatcgattctggatt,((((((((((((((((((((.(((.(((((.((..(((.(((((.((((.&.)))).))))).)))..)).))))).))))))))))))))))))))))),-40.1,84.85
53,27/34,79,0,952115,952148,952058,952091,aagctgagcgctctacagctcgcgatttagataa,ttatccatgtcgcgggctgttgagcgcccaggtt,(((((...((((((((((((.((((((.(((.(.&.).))).)))))).))))))))))))...))))),-41.8,79.41
66,38/50,76,0,950638,950687,950572,950621,gattcggtggttgaagtttgcgagtattgcaccgaattttagttataaaa,ttttatggttaaaagttttttcgatactcgcaagattcaaccaccggatc,((((((((((((((.......(((((((((((((.(((((((((((((((&))))))))))))))).))))))))))))).......)))))))))))))),-53.4,84
109,67/87,77,1,950195,950282,950068,950154,gttttaattacaattgactttcgagtctcagacgatttaaatttatgtttcaagctaaaggttttatagctaaaagtctttttaatac,gtattgaaccgacttttagttttaaaaactttagattaaagtgtcaacttaaatcgtctggtactcgaagttaaactgt-ataaaaac,((((((((..(((((((((((.(((((.((((((....((((((.((.(((((((((((((.(((((.(((((((.((((...(((((&)))))..))))..)))))))))))).))))))))))))).)).))))))....)))))).))))).)))))))))))..)))))))),-62.3,82.29
63,21/21,100,0,949716,949736,949619,949639,agggcgtaaaaaacatctagt,actagatgttttttacgccct,(((((((((((((((((((((&))))))))))))))))))))),-33.1,100
117,39/39,100,0,930769,930807,930647,930685,gtgccgggccgttcaccatgtaggtacgtttacgcgaga,tctcgcgtaaacgtacctacatggtgaacggcccggcac,(((((((((((((((((((((((((((((((((((((((&))))))))))))))))))))))))))))))))))))))),-83.4,100
66,22/22,100,0,922273,922294,922196,922217,aactagatgttttttacgccct,agggcgtaaaaaacatctagtt,(((((((((((((((((((((.&.))))))))))))))))))))),-34.1,95.45
57,19/19,100,0,918675,918693,918624,918642,ccgttaacggctttaacgg,ccgttaaagccgttaacgg,(((((((((((((((((((&))))))))))))))))))),-33.8,100
55,20/22,90,0,918209,918230,918185,918206,tatatatatatattcaacttga,tctagatgaatatatatatata,((.((.((((((((((((((((&)))))))))))))))).)).)),-17,90.91
50,46/68,67,0,915216,915283,915144,915211,attcggattcggattcggattcggattcggattcggattcggattcggattcggattcggattcgaat,atttggatccggatccggatgcgtatttggattcggatgcggatttggattcggattcggattcggat,((((((((((((((((((((.((.((((((((((((((.(((((((((((((((((((((((((((((&))))))))))))))))))))))))))))).)))))))))))))).)).)))))))))))))))))))),-99.5,95.59
55,21/23,91,0,912244,912266,912165,912187,ttgagggcgtaaaaaacatctag,ctagatgtttttaacgcccttaa,((((((((((((.((((((((((&)))))))))).)))))))))))),-30.5,95.65
58,38/52,73,0,910732,910783,910605,910656,gagggcgtaaaaaacatttagtttggcctaatcctgtcggcctgtggtgcac,gtgcaccacagtttcagaggttaataccaaactagaaactatttacgccctc,(((((((((((.....((((((((..((((((((((.....(((((((((((&))))))))))).....))))))))))...))))).)))...))))))))))),-54.9,76.92
55,21/23,91,0,907721,907743,907588,907610,aaaacgcgatctcgcgctaacga,tcgttagcgcgaggtcgcgcttt,(((((((((((((((((((.&.))))))))))))))))))),-39.4,95
61,39/50,78,1,906749,906798,906580,906630,tttatttttttacagctaaaaaaggtctttttagcttt-aaaaagcaaaaa,ttttcggtttttaaaagttaaaaattcctttttaagcttgttaaaactaaa,.((((((.(((((((((((..(((((((.((((((.((((.&.)))).))).))).)))))))..))))))))))).)))))).,-28.4,81.93
59,41/57,71,0,906249,906305,906114,906170,tttttagttttttagagctaataaaagtctttttaagctttttaaaccccgaaaaag,ctttttaaagctataaaaaatttaaaaaatgttttttaagctttttaaacctaaaaa,((((((.......((((((.((((((((...((((...((((((..(((.(((((((&))))))).)))..))))))...))))...)))))))).)))))).......)))))),-21.5,70.18
104,40/44,90,0,905264,905307,905212,905255,aaaagtggttttttcaacttaaaacctttggagttttgaaaagt,acttttcaaaactccaaaggtgttaagttgaaaaacacgctttt,(((((((((((((((((((((.(((((((((((((..((((((.&.))))))..))))))))))))).))))))))))))))))))))),-52.6,90.91
182,66/70,94,0,902163,902232,902058,902127,ttgcgaattgctgtgcgttgcgcattgtagcctcgtagcaacaatgcaaaaagtagctcttttggcgtca,tgacgccaaaagagctactttttgcattgttgctacgaggctacaatgcgcagcgcacaacaaaacgcaa,(((((((((((((((((((((((((((((((((((((((((((((((((((((((((((.(((..(((((&)))))..))).))))))))))))))))))))))))))))))))))))))))))))))))))))))))))),-120.6,95.71
231,85/91,93,0,901716,901806,901615,901705,cgcatctagtcactttaattaattaaatccaagctttagcaaattttcgcaatgaaaaagtaaaaatgcggacattcgcacgaaaaattag,ctaatttttcgtgcgactggccgcatttttactttttcattgctaaaatttgctaaagtttggacttaattaattaaagtgactaaatgcg,((((((((((((((((.((.(((((((((((((((((((((((.((((((((((((((((((((.((((((((((((((((((((.(((((&))))).)))))))))))))))))))).)))))))))))))))))))).))))))))))))))))))))))).)).)))))))))))))))),-119.4,94.51
82,74/106,69,1,896702,896807,896587,896693,aaatctcgtaaaaggtcttttttacgaattttagaacttaaagtctcgtaagaattac-tttttacgatttttagaatttaaaatctcgtaaaaagagcttttttac,gtaaaaaggccttttttacgatttttagaacttaaaatcacgtaaaaaggtcttttttacgatttttagagttaaaaatcacgtaaaagggcctttttacgattttt,((((((((((.((((((((((..(((((((..((((((..(((((((((...(((((((((..(((.(((((..(((((.((((((((((.((((((((((.&.)))))))))).))))))))))..))))).))))).)))..)))))))))....)))))))))...))))))..))))))).)))))))))).)))))))))),-73.8,81.95
56,52/68,76,3,895709,895778,895635,895703,taaaattagtaaaaaaacgttctttttacgagattttaga-ttcaaaaaatcgtaaaaaaagcctttttac,gttaaaaag-tctttttacgagattttaaattctaaaa-atcgggaaaaaaagtctttttaagtgatttta,.(((((((.((..((((((((..((((.(((((((((..(((.(((((.((.((.((((((.((((((((&))))))))..)))))).)))).))))).))).))))))).)).))))..)))))))))).))))))).,-29.8,81.16
53,19/20,95,0,891123,891142,891088,891107,aaaaatgtaaaaaaaaaaac,gtttttttttttactttttt,((((((((((((((.((((.&.)))).)))))))))))))),-12.2,90
